genre_a,genre_b,cosine_similarity,cosine_distance,euclidean_distance
baroque_classical,cc0_other,0.9967231648862819,0.003276835113718124,0.08095502108335495
baroque_classical,hiphop_xtc,0.9693859122612496,0.030614087738750406,0.24744336307048798
baroque_classical,lofi_hh_lfbb,0.9650474094207234,0.03495259057927658,0.2643960118293762
cc0_other,hiphop_xtc,0.978021670218519,0.021978329781480954,0.209658682346344
cc0_other,lofi_hh_lfbb,0.9754309542048452,0.024569045795154842,0.2216712087392807
hiphop_xtc,lofi_hh_lfbb,0.9961128135252001,0.0038871864747999085,0.08817247301340103
