genre_a,genre_b,cosine_similarity,cosine_distance,euclidean_distance
baroque_classical,cc0_other,0.9966843624582358,0.003315637541764227,0.08143242448568344
baroque_classical,hiphop_xtc,0.9630672239317973,0.036932776068202666,0.2717822194099426
baroque_classical,lofi_hh_lfbb,0.9619192362151127,0.03808076378488734,0.27597394585609436
cc0_other,hiphop_xtc,0.9745316407978966,0.02546835920210344,0.22569136321544647
cc0_other,lofi_hh_lfbb,0.9733272081631421,0.02667279183685789,0.2309666872024536
hiphop_xtc,lofi_hh_lfbb,0.9953150646882597,0.004684935311740301,0.09679826349020004
